0,37,28,99,57,60,141,421,0,191,283,0,0,0,154
0,221,289,348,331,218,306,1219,0,719,840,0,0,2,474
0,7,3,26,77,22,53,78,0,133,116,0,0,0,89
0,19,66,183,74,135,166,459,0,130,74,0,0,0,286
0,65,30,128,90,93,364,498,0,290,362,0,0,0,362
0,136,17,240,554,299,535,355,0,987,487,0,0,0,441
0,36,18,182,72,278,195,601,0,624,395,0,0,0,251
0,0,100,0,112,115,31,110,0,132,201,0,0,0,355
0,211,32,177,104,287,351,780,0,768,719,0,0,0,245
0,113,116,64,46,76,175,508,0,217,159,0,0,0,131
0,28,147,62,73,52,107,344,0,164,165,0,0,0,164
0,58,81,96,237,170,271,264,0,367,261,0,0,0,168
0,52,43,104,78,91,333,558,0,374,138,0,0,0,200
0,62,278,57,117,4,130,117,0,178,109,0,0,0,122
0,453,57,2506,423,389,3152,6209,0,1527,1614,0,0,0,2005
0,54,155,29,192,84,153,166,0,265,155,0,0,0,139
0,7,1,12,1,20,45,17,0,27,26,0,0,0,8
0,288,1508,152,657,581,634,632,0,1541,1220,0,0,0,552
0,364,98,337,198,328,1297,763,0,1328,911,0,4,0,858
0,188,466,292,248,317,678,1127,0,513,361,0,0,0,465
0,74,84,82,147,111,504,435,0,270,251,0,0,0,331
0,2,1,2,4,12,10,3,0,14,7,0,0,0,12
0,130,414,170,215,155,243,902,0,494,249,0,0,0,123
0,48,33,66,108,65,120,213,0,350,161,0,0,0,93
0,37,29,124,43,49,165,377,0,147,134,0,0,0,136
0,26,94,28,43,17,58,95,0,44,76,0,0,0,108
0,63,85,77,48,62,136,329,0,169,218,0,0,0,116
0,129,42,294,69,270,628,771,0,585,539,0,0,0,502
0,30,0,47,43,19,65,77,0,174,35,0,0,0,119
0,53,45,90,78,30,104,261,0,121,90,0,0,0,21
0,39,65,44,44,33,120,183,0,146,125,0,0,0,60
0,30,11,11,3,5,43,47,0,32,35,0,0,0,17
0,75,55,32,113,132,257,133,0,302,280,0,0,0,144
0,27,50,12,18,12,20,36,0,30,60,0,0,0,16
0,80,102,95,54,32,206,296,0,116,315,0,0,0,240
0,11,85,18,83,38,95,31,0,109,98,0,0,0,40
0,76,246,58,134,70,122,103,0,226,297,0,1,0,65
0,112,1428,112,127,60,339,687,0,239,207,0,0,0,238
0,80,72,92,153,100,297,251,0,374,384,0,0,0,450
0,24,26,10,116,18,91,29,0,128,108,0,0,0,74
0,77,165,68,114,75,281,233,0,320,385,0,0,1,160
0,130,507,256,215,96,466,495,0,513,909,0,0,0,288
0,86,162,83,124,39,319,137,0,182,617,0,0,0,162
0,129,99,120,108,74,399,453,0,464,961,0,0,0,568
0,39,2,52,40,12,110,43,0,88,170,0,0,0,122
0,28,189,23,77,8,78,162,0,176,142,0,0,0,117
0,46,97,46,97,63,113,83,0,264,292,0,0,0,83
0,63,158,44,75,76,141,157,0,189,428,0,0,0,170
0,96,39,70,152,115,302,205,0,233,289,0,0,0,235
0,4,2,25,95,5,61,148,0,39,51,0,0,0,171
0,41,98,103,27,48,161,110,0,195,262,0,0,0,147
0,26,115,44,96,46,131,105,0,132,109,0,0,0,66
0,36,40,61,107,31,146,140,0,137,191,0,0,0,185
0,72,62,107,83,82,232,280,0,365,398,0,0,0,258
0,32,41,40,92,24,103,53,0,147,258,0,0,1,132
0,14,14,14,50,33,93,29,0,63,98,5,0,0,70
0,86,78,72,48,32,112,106,0,138,239,0,4,0,75
0,66,11,46,43,105,74,86,0,80,267,0,0,0,102
0,45,81,79,94,71,177,187,0,174,183,0,0,0,71
0,119,605,219,369,119,263,848,0,524,551,0,0,0,258
0,64,59,171,115,45,226,321,0,179,219,0,0,0,218
0,126,192,276,308,147,310,366,0,431,381,0,0,0,195
0,0,0,46,0,108,83,64,0,360,112,0,0,0,103
0,113,168,255,173,59,163,644,0,400,972,0,0,0,245
0,101,221,200,276,137,317,670,0,441,515,0,0,0,308
0,110,670,267,326,138,245,826,0,388,536,0,0,0,409
0,15,13,123,365,70,139,98,0,325,83,0,0,0,270
0,294,1023,506,492,264,683,1850,0,895,863,0,0,0,636
0,52,0,200,169,241,390,510,0,918,449,0,0,0,1423
0,118,19,467,118,174,556,1351,0,514,1125,0,1,0,609
0,405,10,1463,656,584,3846,2390,0,1729,2918,0,0,0,3159
0,57,0,0,0,0,145,15,0,86,217,0,0,0,175
0,216,60,276,158,155,474,965,0,475,779,0,0,7,822
0,49,145,74,223,102,261,242,0,306,277,0,0,0,224
0,59,0,56,63,171,351,0,0,126,80,0,0,0,202
0,53,0,100,31,103,118,207,0,111,104,0,0,0,42
0,277,652,505,716,633,872,1172,0,1265,884,0,0,0,669
0,259,251,290,528,262,606,1235,0,966,1069,0,0,0,635
0,272,26,629,138,675,1201,727,0,869,887,0,0,0,858
0,76,150,194,150,145,270,899,0,445,200,0,0,0,188
0,136,90,344,208,201,542,717,0,714,818,0,0,0,462
0,116,39,404,129,259,731,1659,0,681,686,0,0,0,1444
0,112,342,154,113,48,348,602,0,459,894,0,0,0,233
0,200,627,213,392,117,577,651,0,940,898,0,0,0,460
0,51,35,15,72,25,87,33,0,109,123,0,0,0,125
0,215,216,394,298,270,1087,1055,0,1496,1419,0,0,0,951
0,138,136,183,57,136,477,431,0,299,626,0,0,0,345
0,33,24,88,229,32,82,67,0,160,119,0,0,0,375
1,15,44,8,77,23,51,17,0,84,101,0,0,0,95
0,61,162,95,138,69,343,361,0,306,366,0,0,0,188
0,114,605,139,122,96,175,811,0,412,485,0,0,0,248
0,231,289,316,164,368,773,492,0,745,1121,0,2,0,535
0,148,338,135,151,108,372,383,0,669,870,0,0,0,304
0,143,52,122,100,126,495,140,0,524,707,0,0,0,465
0,138,305,195,138,112,371,682,0,469,777,0,0,0,294
0,193,0,49,132,264,954,553,0,24,264,0,0,0,260
0,20,51,40,26,26,79,129,0,98,125,0,0,0,87
0,0,0,0,5,0,0,0,0,0,143,0,0,0,32
0,29,111,80,94,41,168,237,0,173,162,0,0,0,172
0,128,330,773,192,105,942,1366,0,569,890,0,0,0,579
0,138,0,418,82,36,344,253,0,292,1293,0,0,0,394
0,828,48,1723,478,285,5316,3610,0,1879,4229,0,0,0,3997
0,308,280,519,238,248,737,1094,0,852,1283,0,0,0,584
0,41,9,42,146,86,187,131,0,143,188,0,1,0,192
0,1293,0,0,764,0,3186,789,0,557,2668,0,0,0,893
0,556,66,863,103,565,2389,2762,0,1778,2396,0,0,0,1313
0,263,15,434,228,665,768,780,0,1279,1889,0,0,0,534
0,21,62,40,52,17,100,72,0,99,95,0,0,0,23
0,24,13,51,74,66,368,160,0,259,204,0,0,0,207
0,19,26,18,83,57,105,36,0,122,46,0,0,0,136
0,46,17,69,33,65,225,176,0,259,331,0,0,0,129
0,262,29,899,139,151,1234,1035,0,1458,3157,0,0,1,1337
0,52,48,95,23,65,178,175,0,289,277,0,0,0,111
0,8,2,14,11,29,139,45,0,134,81,0,0,0,26
0,59,109,102,64,78,263,226,0,263,235,0,0,0,172
0,83,12,80,33,25,126,457,0,318,444,0,0,0,515
0,52,402,69,42,30,113,401,0,104,55,0,0,0,91
0,176,31,265,313,343,1638,330,0,1287,1401,0,0,0,1663
0,23,106,32,70,62,121,93,0,144,189,0,0,0,71
0,43,37,21,97,49,62,90,0,239,222,0,0,0,77
0,36,103,66,60,69,121,79,0,258,326,0,0,0,134
0,171,50,210,178,264,959,322,0,728,626,0,0,0,639
0,30,76,32,14,42,128,189,0,116,166,0,0,0,50
0,32,15,44,25,32,125,76,0,106,204,0,0,0,136
0,116,10,151,74,133,550,294,0,446,449,0,0,0,267
0,50,229,72,87,80,136,139,0,184,250,0,0,0,119
0,13,20,33,128,4,81,68,0,134,114,0,0,0,60
0,8,1,5,5,8,21,34,0,26,33,0,0,0,21
0,99,291,241,354,458,639,395,0,1272,1286,0,0,0,530
0,247,89,396,179,240,472,539,0,1256,2456,0,0,0,1069
0,138,67,258,98,134,526,413,0,549,1016,0,0,0,531
0,107,23,195,317,135,491,283,6,862,865,0,0,1,660
0,39,0,50,118,39,186,353,0,53,65,0,6,0,539
0,158,519,96,256,124,374,470,0,570,555,0,0,0,518
0,185,184,262,255,279,800,738,0,715,713,0,0,0,252
0,107,0,126,54,169,642,531,0,436,306,0,0,0,343
0,15,0,4,31,11,38,16,0,55,17,0,0,0,42
0,33,6,10,4,47,81,49,0,139,77,0,0,0,66
0,97,159,107,243,169,384,283,0,396,300,0,0,0,349
0,78,118,71,74,81,244,217,0,117,122,0,0,0,166
0,17,3,12,33,0,41,8,0,100,96,0,0,0,66
0,46,60,33,70,33,90,80,0,106,149,0,0,0,59
0,43,179,37,63,0,52,180,0,115,127,0,0,0,65
0,7,0,6,3,10,16,11,0,19,20,0,0,0,30
0,94,360,91,121,68,151,372,0,230,188,0,0,0,155
0,93,113,99,112,129,259,355,0,375,322,0,0,0,181
0,53,1,59,50,127,194,165,0,213,203,0,0,0,89
0,155,64,99,150,87,396,341,1,319,331,0,13,0,283
0,309,321,209,186,214,684,1272,0,973,1169,0,0,0,561
0,44,159,43,58,23,106,267,0,71,105,0,0,0,49
0,22,67,40,44,33,63,223,0,109,110,0,0,0,52
0,30,4,18,31,12,28,80,0,56,53,0,0,0,46
0,24,91,33,50,24,80,112,0,143,225,1,0,0,72
0,35,61,66,113,74,174,140,0,189,183,0,1,0,219
0,120,7,345,94,102,519,1503,0,513,671,0,0,0,962
0,11,0,25,1,17,14,10,0,29,65,0,0,0,44
0,150,1199,259,251,157,285,1724,0,390,407,0,0,0,346
0,11,0,6,32,11,25,33,0,51,45,0,0,0,44
0,0,58,17,20,10,27,19,0,7,44,0,0,0,30
0,1,31,1,55,22,118,52,0,57,24,0,0,0,109
0,8,8,5,15,17,15,28,0,40,36,0,0,0,15
0,0,83,45,37,100,100,97,0,161,126,0,0,0,106
0,40,380,91,61,59,193,664,0,185,175,0,0,0,247
0,0,0,117,66,0,3,42,0,44,116,0,0,0,198
0,16,44,15,27,18,71,84,0,83,100,0,0,0,67
0,9,9,33,54,15,39,84,0,72,52,0,0,0,47
0,134,12,146,24,172,453,231,0,388,386,0,0,0,329
0,13,0,0,49,11,0,0,0,31,14,0,0,0,75
0,26,0,21,17,8,8,33,0,25,17,0,0,0,32
0,50,163,88,60,73,116,349,0,199,313,0,0,0,167
0,17,0,36,28,86,216,119,0,256,185,0,0,0,94
0,54,45,43,83,72,126,128,0,240,166,0,0,0,94
0,26,323,71,75,24,56,147,0,88,160,0,0,0,55
0,35,34,18,59,29,57,71,0,92,128,0,0,0,58
0,1,13,9,7,4,15,18,0,5,9,0,0,0,6
0,52,15,64,25,81,60,235,0,99,64,0,0,0,170
0,8,12,10,15,16,21,56,0,32,45,0,0,0,37
0,34,288,50,143,51,89,165,0,114,84,0,0,0,156
0,61,192,164,87,91,213,858,0,200,171,0,0,0,360
2,167,98,148,82,213,681,427,0,490,438,0,0,1,584
0,87,161,48,93,66,169,31,0,215,210,0,0,0,94
0,73,9,33,34,64,140,108,0,243,273,0,0,0,48
0,100,207,54,85,72,141,233,0,260,270,0,0,0,154
0,38,12,50,34,25,97,77,0,129,191,0,3,0,86
0,13,2,13,6,26,121,55,0,46,54,0,0,0,40
0,96,96,114,181,87,330,294,0,398,548,0,0,0,386
0,120,150,77,96,96,264,280,0,386,496,0,0,0,149
0,69,17,165,68,23,137,61,0,133,479,0,0,0,126
0,42,100,62,28,93,155,95,0,133,172,0,0,0,200
0,47,50,38,70,21,78,68,0,110,105,0,0,0,64
0,344,367,341,256,195,790,1255,0,933,1298,0,0,0,1009
0,215,292,157,186,184,500,359,0,707,838,0,4,0,352
0,126,93,243,342,130,317,222,0,390,641,0,0,0,516
0,36,100,47,52,23,148,103,0,143,152,0,0,0,111
0,4,8,15,29,24,75,34,0,50,45,0,0,0,73
0,0,35,47,0,0,42,33,0,162,237,0,0,0,139
0,733,6,1176,287,145,2098,1572,0,2077,4299,0,0,0,2025
0,172,34,186,64,184,609,364,0,766,887,0,0,0,613
0,291,35,497,185,243,1012,876,0,861,1713,0,0,0,564
0,99,107,187,181,100,411,299,0,447,757,0,0,0,370
0,40,17,18,21,31,69,44,0,128,103,0,0,0,40
0,41,109,45,167,34,137,78,0,124,151,0,0,0,131
0,18,42,41,62,105,72,76,0,74,180,0,0,0,104
0,243,5,259,99,207,637,493,0,780,797,0,0,0,393
0,315,817,410,489,280,834,1017,0,634,1865,0,0,0,955
0,172,112,134,325,138,948,270,12,938,974,0,0,0,576
0,102,118,97,94,25,226,387,0,216,305,0,1,0,249
0,91,456,61,375,48,216,168,0,361,351,0,0,0,306
0,308,106,538,211,386,1346,1261,0,1203,1020,0,10,0,323
0,73,729,103,175,71,301,166,0,340,506,0,0,0,184
0,72,20,87,21,99,260,367,0,344,328,0,0,0,155
0,62,0,83,22,120,195,211,0,262,132,0,0,0,153
0,7,6,44,70,88,158,125,0,130,137,0,0,0,199
0,78,23,92,92,186,338,461,0,281,197,0,0,0,220
0,31,7,45,41,18,133,84,0,115,218,0,0,0,136
0,39,143,77,51,19,59,162,0,155,179,0,0,0,101
0,14,56,12,32,28,27,89,0,46,35,0,0,0,26
0,390,324,693,338,888,1347,1619,0,1567,1446,0,0,0,762
0,46,48,182,113,58,151,342,0,225,301,0,0,0,275
0,0,496,85,251,44,365,825,0,263,239,0,0,0,374
0,93,0,106,3,14,351,207,0,203,216,0,0,0,155
0,118,9,152,70,164,294,412,0,517,430,0,0,0,211
0,28,37,153,227,116,253,294,0,207,272,0,0,0,148
0,91,66,165,101,108,349,459,0,346,331,0,1,0,601
0,225,62,572,310,44,1315,951,0,661,1253,0,0,0,865
0,0,0,0,0,0,0,7,0,0,0,0,0,0,0
0,273,43,138,210,287,756,669,0,615,660,0,0,0,692
0,0,26,0,0,53,0,128,0,4,81,0,0,0,26
0,182,404,268,241,170,477,1201,0,695,826,0,0,0,495
0,166,145,256,146,258,743,541,0,708,672,0,0,0,667
0,119,228,94,107,90,72,101,0,189,218,0,0,0,145
0,143,0,348,66,266,417,880,0,446,555,0,0,0,681
0,83,95,161,405,264,384,364,0,429,244,0,0,0,428
0,52,48,82,57,61,150,213,0,133,129,0,0,0,109
0,4,12,23,34,42,42,38,0,78,27,0,0,0,95
0,163,70,307,123,131,514,662,0,539,810,0,0,0,463
0,0,0,33,369,27,21,47,0,19,22,0,0,0,495
0,83,0,4,30,60,116,152,0,226,34,0,0,0,125
0,99,101,106,193,186,443,379,0,421,422,0,0,0,694
0,5,42,43,78,25,24,50,0,66,118,0,0,0,149
0,171,43,304,154,145,570,176,0,508,185,0,0,0,829
0,118,94,167,483,402,1067,555,0,794,483,0,0,0,872
0,41,5,191,183,61,166,210,5,117,268,0,0,2,384
0,949,0,5232,609,356,4959,8193,0,4084,5627,0,0,0,4889
0,120,47,158,205,192,474,309,0,372,291,0,0,0,302
0,88,102,134,135,152,464,200,0,245,122,0,0,0,487
0,126,83,194,207,228,327,673,0,434,309,0,0,0,391
0,0,0,70,32,61,177,92,0,113,170,0,0,0,118
0,5,0,3,7,75,52,280,0,157,152,0,0,0,107
0,125,243,125,256,118,432,391,0,207,347,0,1,0,208
0,804,1460,789,790,709,1387,5150,0,1593,1688,0,0,0,746
0,0,17,25,14,21,42,53,0,67,55,0,0,0,46
0,167,4,224,68,380,1049,695,0,639,551,0,0,0,240
0,17,10,42,73,50,60,38,0,150,36,0,0,0,139
0,189,8,211,140,193,904,402,0,833,560,0,0,0,674
0,8,43,15,4,17,25,65,0,93,157,0,0,0,16
0,44,41,33,9,56,241,91,0,299,161,0,0,0,118
0,67,638,177,147,60,157,1039,0,260,224,0,0,0,130
0,186,1579,150,211,106,263,809,0,472,803,0,0,0,180
0,468,393,194,150,186,798,612,0,1342,1626,0,0,0,315
0,18,17,17,16,21,85,84,0,87,100,0,0,0,38
0,67,58,34,44,51,107,143,0,259,333,0,0,0,98
0,47,335,35,43,12,142,236,0,175,215,0,0,0,123
0,191,31,182,95,101,343,264,0,290,610,0,0,0,220
0,92,6,191,58,135,249,433,0,381,535,0,0,0,155
0,53,196,35,134,142,163,306,0,314,420,0,0,0,214
0,9,12,11,41,14,41,6,0,47,68,0,0,0,40
0,93,1,95,18,136,297,247,0,449,558,0,0,2,150
0,41,14,53,0,45,46,62,0,81,352,0,0,0,113
0,223,521,169,292,122,502,804,0,712,728,0,0,0,261
0,89,32,56,95,115,216,213,0,304,148,0,0,0,163
0,41,17,39,57,12,202,131,0,197,171,0,0,0,199
0,57,10,94,37,79,253,183,0,281,419,0,2,0,113
0,19,89,27,55,14,88,124,0,132,163,0,0,0,97
0,77,47,18,46,94,210,66,0,156,226,0,0,0,143
0,40,102,37,77,58,84,97,0,131,184,0,0,0,55
0,109,8,55,55,142,278,330,0,215,459,0,0,0,187
0,74,27,71,39,78,156,156,0,195,270,0,0,0,71
0,76,40,93,57,52,113,176,0,204,432,0,0,0,137
0,28,69,30,93,33,43,90,0,100,174,0,0,0,120
0,44,31,23,35,44,40,59,0,72,87,0,0,0,87
0,552,209,548,839,632,4497,603,0,1778,3142,0,0,0,2483
0,113,44,396,174,408,1097,830,0,1048,762,0,0,0,969
0,14,15,31,37,42,73,97,0,46,26,0,0,0,92
0,98,17,761,339,43,1211,1967,0,856,642,0,0,0,749
0,12,1,35,16,32,99,149,0,85,56,0,0,0,145
0,4,9,55,52,69,209,90,0,149,60,0,0,0,233
0,55,13,145,41,174,254,366,0,382,243,0,0,0,143
0,74,230,210,288,146,320,513,0,395,277,0,0,0,265
0,45,200,120,121,104,247,604,0,337,249,0,0,0,184
0,33,20,38,50,18,81,99,0,89,29,0,0,0,51
0,74,26,255,70,92,324,315,0,291,461,0,0,0,476
0,103,452,268,298,145,490,1818,0,569,480,0,0,0,462
0,40,54,118,96,132,417,472,0,145,189,0,0,0,227
0,88,4,246,81,154,589,686,0,329,449,0,0,0,337
0,1416,55,2837,736,2931,5609,5522,0,5234,5321,0,0,0,6364
0,18,0,73,53,37,552,1047,0,75,394,0,0,0,435
0,1438,1180,3121,1943,2129,5650,7189,0,6499,5670,0,0,0,4277
0,852,2339,1862,1590,1370,2518,12933,0,3895,3717,0,0,0,4779
0,7,8,12,13,26,61,132,0,73,33,0,0,0,31
0,13,53,112,82,50,112,206,0,157,86,0,0,0,94
0,48,41,44,34,70,180,71,0,69,58,0,0,0,6
0,51,0,4,89,198,223,20,0,173,19,0,0,0,289
0,285,236,656,358,194,1546,2157,0,1086,1390,0,0,0,1205
0,172,340,587,273,109,1084,1728,0,376,903,0,0,0,810
0,180,67,312,107,61,676,704,0,187,275,0,0,0,293
0,19,38,38,21,21,59,72,0,44,75,0,0,0,35
0,137,61,140,134,67,320,249,0,366,134,0,0,0,249
0,266,0,378,242,155,419,171,0,269,125,0,0,0,760
0,17,8,34,11,31,74,109,0,61,69,0,0,0,77
0,102,200,124,210,140,381,213,0,458,334,0,0,0,395
0,0,0,0,0,0,1,111,0,0,85,0,0,0,0
0,179,131,115,124,96,225,422,0,514,610,0,0,0,262
0,47,0,22,24,50,113,86,0,114,85,0,0,0,90
0,49,38,119,73,71,220,86,0,175,303,0,0,0,199
0,99,495,101,109,66,196,292,0,169,368,0,0,0,184
0,346,1137,452,613,234,798,1432,0,1373,1902,0,0,3,854
0,69,51,82,87,69,293,199,0,281,306,0,0,0,131
0,97,67,94,62,127,303,176,0,236,348,0,0,0,187
0,60,69,22,27,35,134,213,0,192,268,0,0,0,137
0,87,135,49,49,67,210,242,0,277,356,0,0,0,131
0,26,170,44,58,25,67,122,0,149,194,0,0,2,64
0,224,189,339,214,275,944,742,0,1395,1766,0,0,0,388
0,266,1497,328,578,166,398,939,0,1078,898,0,0,0,521
0,20,58,200,200,64,212,153,0,179,266,0,0,0,157
0,42,26,33,58,51,134,107,0,140,171,0,0,0,134
0,161,456,152,166,127,465,566,0,600,777,0,0,0,210
0,18,126,21,41,34,153,113,0,150,244,0,0,0,99
0,54,179,51,115,94,259,151,0,230,296,0,0,0,204
0,31,68,44,17,29,85,68,0,101,108,0,0,0,43
0,11,7,37,70,52,70,23,0,140,100,0,0,0,55
0,108,25,148,106,181,664,256,0,502,522,0,1,0,372
0,19,43,42,40,20,75,70,0,103,138,0,0,0,104
0,219,315,235,243,113,188,498,0,896,820,0,0,0,373
0,88,134,108,229,79,233,145,0,454,579,0,0,0,420
0,232,72,228,121,263,452,608,0,872,1195,0,1,0,231
0,79,31,75,83,53,210,384,0,333,508,0,0,0,309
0,61,78,99,87,60,328,257,0,355,503,0,0,0,391
0,204,556,138,447,136,836,511,0,1046,861,0,0,0,336
0,121,475,222,193,141,399,316,0,541,892,0,0,0,231
0,28,13,1,106,7,61,48,0,114,144,0,0,0,169
0,13,36,7,84,37,30,12,0,63,63,0,0,0,70
0,34,139,17,38,13,39,101,0,89,101,0,0,0,22
0,130,461,127,181,73,157,443,0,443,615,0,0,0,240
0,0,0,400,0,0,0,0,0,296,0,0,0,0,66
0,197,450,1123,635,290,2245,1609,0,1206,1362,0,0,0,1936
0,33,0,444,115,144,836,272,0,140,137,0,0,0,332
0,861,69,1446,292,358,4949,2375,0,1769,2712,0,0,0,3158
0,91,51,87,209,113,284,167,0,351,372,0,0,0,413
0,35,14,88,166,121,125,83,0,132,98,0,0,3,290
0,92,20,168,139,201,405,229,0,515,204,0,0,0,1300
0,40,23,47,153,52,172,88,0,76,168,0,0,0,277
0,1,22,16,22,18,45,2,0,94,27,0,0,0,8
0,326,490,344,376,227,1116,722,0,1109,690,0,0,0,917
0,20,0,0,0,0,51,201,0,108,47,0,0,0,104
0,95,111,106,189,109,419,129,0,537,453,0,0,0,348
0,24,36,249,132,49,98,102,0,110,133,0,0,0,425
0,50,3,26,71,67,179,61,0,123,120,0,0,0,192
0,51,3,81,102,101,157,47,0,189,156,0,2,0,112
0,275,17,794,656,124,2042,1137,0,964,1773,0,0,0,1747
0,0,0,0,267,401,586,415,0,520,379,0,0,0,740
0,76,26,91,96,133,467,214,0,405,374,0,0,0,299
0,27,0,83,155,53,48,67,0,203,95,0,0,0,218
0,53,59,63,56,104,160,173,0,162,114,0,0,0,117
0,250,845,523,751,442,1091,1647,0,1193,1049,0,0,0,800
0,32,106,67,58,87,123,314,0,147,161,0,0,0,141
0,10,36,44,12,35,84,89,0,71,62,0,0,0,61
0,35,74,50,90,41,134,202,0,149,98,0,0,0,142
0,0,13,13,8,4,37,39,0,37,24,0,0,0,30
0,663,562,490,214,865,2874,2048,0,2588,2403,0,2,0,867
0,34,151,58,72,45,94,164,0,170,175,0,0,0,69
0,1,0,6,25,17,11,15,0,35,10,0,0,0,26
0,0,12,2,24,4,27,0,0,25,18,0,0,0,27
0,94,228,102,100,138,245,560,0,302,306,0,0,0,145
0,39,89,35,92,59,291,236,0,251,191,0,0,0,363
0,17,111,41,28,33,65,242,0,78,83,0,0,0,68
0,10,69,20,58,22,50,135,0,37,24,0,0,0,95
0,37,65,61,62,67,265,150,0,150,115,0,0,0,192
0,114,19,148,62,69,591,472,0,374,201,0,0,0,418
0,5,1,10,7,37,61,39,0,45,48,0,0,0,54
0,44,53,111,25,59,198,384,0,116,123,0,0,0,162
0,47,1,52,15,79,196,134,0,143,105,0,0,0,190
0,19,1,24,8,18,50,90,0,47,41,0,0,0,54
0,0,423,268,585,246,329,666,0,293,105,0,0,0,426
0,9,11,21,14,20,18,48,0,36,43,0,0,0,49
0,10,43,4,20,0,13,65,0,50,66,0,0,0,61
0,31,70,78,162,102,250,131,0,70,90,0,0,0,204
0,19,3,34,6,30,78,292,0,51,90,0,0,0,151
0,27,23,22,49,87,95,94,0,117,101,0,0,0,114
0,77,111,33,69,71,177,121,0,116,51,0,0,0,163
0,47,93,109,80,111,295,337,0,266,239,0,1,0,364
0,27,10,34,24,51,133,183,0,128,113,0,0,0,68
0,26,12,45,56,44,70,27,0,119,114,0,0,0,47
0,50,2,5,11,8,37,54,0,57,68,0,0,0,27
0,132,372,108,140,68,203,590,0,348,317,0,0,0,321
0,176,114,159,92,46,383,983,0,344,923,0,0,0,488
0,39,212,119,198,133,296,251,0,423,305,0,0,0,343
0,36,38,20,56,59,152,100,0,202,265,0,0,0,170
0,43,209,50,122,40,107,188,0,195,303,0,0,0,110
0,75,272,92,290,204,637,346,0,580,622,0,0,0,444
0,65,4,86,70,148,262,108,0,354,459,0,0,0,229
0,11,0,47,5,18,62,64,0,53,68,0,0,0,78
0,64,30,197,127,93,402,408,0,375,280,3,0,0,863
0,46,136,39,63,48,165,178,0,162,123,0,0,0,100
0,932,233,596,469,748,2279,2098,0,1739,1760,0,0,0,1249
0,25,148,34,38,16,149,107,0,112,113,0,0,0,65
0,99,94,23,61,66,106,107,0,182,125,0,0,4,114
0,96,0,153,43,41,258,143,0,219,305,0,0,0,130
0,147,24,261,111,207,506,374,0,665,913,0,3,0,427
0,38,31,10,56,21,206,87,0,183,138,0,0,0,65
0,32,74,66,79,21,169,240,0,198,269,0,0,0,139
0,189,290,213,129,104,323,1002,0,559,805,0,0,0,432
0,120,170,75,103,68,279,260,0,431,473,0,0,0,252
0,6,10,3,10,2,22,21,0,14,15,0,0,0,30
0,43,43,69,107,88,93,86,0,177,193,0,1,0,211
0,7,8,9,21,14,8,19,0,10,15,0,0,0,9
0,11,0,1,1,7,20,11,0,13,18,0,0,0,4
0,6,13,5,11,15,33,30,0,38,17,0,1,0,39
0,2,45,30,30,0,18,98,0,10,100,0,0,0,30
0,31,60,132,41,35,107,423,0,78,102,0,0,0,139
0,16,12,4,7,13,17,34,0,56,25,0,0,0,28
0,24,21,155,315,63,166,105,0,203,160,1,0,0,339
0,121,42,226,221,157,578,399,0,422,298,0,0,0,518
0,251,544,483,788,570,1575,647,1,1485,1590,0,1,0,1868
0,225,196,391,759,436,1075,483,0,956,746,0,0,0,887
0,123,0,170,176,33,322,46,0,91,247,0,0,0,296
0,22,46,81,171,29,167,151,0,171,140,0,0,2,91
0,19,17,27,49,35,166,153,0,142,61,0,0,0,75
0,97,78,107,186,143,337,196,0,295,354,0,0,0,395
0,1408,36,4874,1105,856,6799,9366,0,4410,10705,0,1,0,4366
0,89,10,88,197,103,165,71,0,149,104,0,2,2,311
0,27,2,105,140,29,57,49,0,147,130,0,4,0,198
0,37,5,134,125,93,144,75,0,198,135,0,1,0,442
0,45,1,81,51,33,128,91,0,120,53,1,0,0,172
0,5,1,5,5,4,15,13,0,118,27,1,0,0,61
0,17,7,75,82,35,60,33,0,68,102,0,0,0,159
0,14,4,55,112,28,117,47,0,103,80,0,0,0,110
0,4,1,9,18,5,39,13,130,12,107,291,0,0,42
0,16,5,17,58,13,56,64,0,82,104,0,0,0,107
0,1,3,16,12,4,36,19,0,21,32,0,0,1,21
0,0,4,11,8,5,13,15,0,9,22,0,0,178,13
0,6,1,10,29,4,50,14,0,34,36,0,0,0,21
0,1,1,3,9,1,16,12,0,9,20,0,0,0,7
0,1331,31,1765,741,1748,4635,3439,0,4521,4562,0,0,0,3979
0,3,0,29,14,10,12,53,0,47,38,0,5,2,54
0,6,1,3,3,8,2,3,0,13,8,0,2,0,5
0,0,2,3,2,0,2,6,0,8,9,0,0,0,3
0,38,0,17,33,42,84,45,0,155,131,0,29,0,45
0,3,0,0,2,5,5,3,0,11,12,0,18,0,1
0,20,16,20,35,36,50,49,0,78,25,0,0,0,74
0,18,12,6,51,2,2,2,0,7,40,0,1,0,7
0,504,72,277,979,435,111,435,0,1011,789,0,4520,0,371
0,11,1,8,17,12,4,20,0,50,17,0,0,0,23
1,18,1,23,31,4,3,20,1,8,15,0,3,0,53
0,1,0,6,4,5,0,0,0,4,16,0,31,0,9
0,6,0,3,4,3,2,14,0,6,6,0,6,0,4
0,12,0,6,11,6,4,4,0,20,4,0,0,0,13
153,0,0,0,0,0,0,0,0,9,16,0,6,0,0
0,0,0,2,12,4,1,2,0,13,0,0,7,0,3
0,1,0,5,22,9,0,4,0,27,15,0,0,0,9
0,0,0,0,1,5,33,0,0,0,0,0,0,0,0
0,3,0,0,0,0,0,0,0,46,7,0,0,0,11
0,16,0,0,0,103,22,7,0,37,80,0,0,0,17
0,8,0,58,80,140,81,47,0,167,77,0,18,0,117
0,16,0,24,39,22,20,51,0,82,33,0,5,0,65
0,66,0,78,173,77,66,128,0,352,89,0,4,0,303
0,0,0,17,0,8,0,7,0,0,0,0,9,0,140
0,2,0,4,12,5,2,1,0,1,12,0,0,0,2
0,1,3,0,6,5,8,17,0,17,26,0,3,0,17
0,0,0,0,0,11,0,70,0,0,15,0,0,0,0
0,0,0,0,0,0,0,0,0,0,5,0,22,0,2
0,218,7,3,81,265,386,181,0,509,294,0,2,0,205
0,13,1,15,43,30,11,34,0,49,31,0,0,0,51
0,3,0,2,2,9,5,4,0,18,8,0,4,0,7
0,2,0,8,5,4,3,6,0,9,14,0,2,0,18
0,17,0,0,4,7,4,2,0,13,2,0,0,0,15
0,0,0,9,1,0,0,0,0,0,0,0,0,0,30
0,8,15,3,12,11,7,10,0,42,15,0,0,0,22
0,0,0,6,4,3,3,1,0,4,8,0,1,0,10
0,7,5,8,26,17,4,8,0,37,21,0,6,0,20
0,4,0,15,44,9,13,13,0,96,23,0,7,0,22
0,10,0,9,20,5,6,6,0,28,19,0,8,1,21
0,4,24,60,11,10,42,32,0,14,67,0,26,0,0
0,8,1,24,31,22,25,27,0,46,49,1,0,1,78
